<Customization level="8" description="" product-version="24.203">
    <Graph ClassName="UpgradeReport" Source="#CDATA" IsNew="True" FileType="NewDac">
        <CDATA name="Source"><![CDATA[/*using System;
using PX.Data;

namespace HackathonCore
{
  [Serializable]
  [PXCacheName("UpgradeReport")]
  public class UpgradeReport : PXBqlTable, IBqlTable
  {
    #region UpgradeReportID
    [PXDBIdentity(IsKey = true)]
    public virtual int? UpgradeReportID { get; set; }
    public abstract class upgradeReportID : PX.Data.BQL.BqlInt.Field<upgradeReportID> { }
    #endregion

    #region CurrentVersion
    [PXDBString(20, InputMask = "")]
    [PXUIField(DisplayName = "Current Version")]
    public virtual string CurrentVersion { get; set; }
    public abstract class currentVersion : PX.Data.BQL.BqlString.Field<currentVersion> { }
    #endregion

    #region PreviousVersion
    [PXDBString(20, InputMask = "")]
    [PXUIField(DisplayName = "Previous Version")]
    public virtual string PreviousVersion { get; set; }
    public abstract class previousVersion : PX.Data.BQL.BqlString.Field<previousVersion> { }
    #endregion

    #region CreatedByID
    [PXDBCreatedByID()]
    public virtual Guid? CreatedByID { get; set; }
    public abstract class createdByID : PX.Data.BQL.BqlGuid.Field<createdByID> { }
    #endregion

    #region CreatedByScreenID
    [PXDBCreatedByScreenID()]
    public virtual string CreatedByScreenID { get; set; }
    public abstract class createdByScreenID : PX.Data.BQL.BqlString.Field<createdByScreenID> { }
    #endregion

    #region CreatedDateTime
    [PXDBCreatedDateTime()]
    public virtual DateTime? CreatedDateTime { get; set; }
    public abstract class createdDateTime : PX.Data.BQL.BqlDateTime.Field<createdDateTime> { }
    #endregion

    #region LastModifiedByID
    [PXDBLastModifiedByID()]
    public virtual Guid? LastModifiedByID { get; set; }
    public abstract class lastModifiedByID : PX.Data.BQL.BqlGuid.Field<lastModifiedByID> { }
    #endregion

    #region LastModifiedByScreenID
    [PXDBLastModifiedByScreenID()]
    public virtual string LastModifiedByScreenID { get; set; }
    public abstract class lastModifiedByScreenID : PX.Data.BQL.BqlString.Field<lastModifiedByScreenID> { }
    #endregion

    #region LastModifiedDateTime
    [PXDBLastModifiedDateTime()]
    public virtual DateTime? LastModifiedDateTime { get; set; }
    public abstract class lastModifiedDateTime : PX.Data.BQL.BqlDateTime.Field<lastModifiedDateTime> { }
    #endregion

    #region Noteid
    [PXNote()]
    public virtual Guid? Noteid { get; set; }
    public abstract class noteid : PX.Data.BQL.BqlGuid.Field<noteid> { }
    #endregion
  }
}*/]]></CDATA>
    </Graph>
    <Graph ClassName="UpgradeReportObject" Source="#CDATA" IsNew="True" FileType="NewDac">
        <CDATA name="Source"><![CDATA[/*using System;
using PX.Data;

namespace HackathonCore
{
  [Serializable]
  [PXCacheName("UpgradeReportObject")]
  public class UpgradeReportObject : PXBqlTable, IBqlTable
  {
    #region UpgradeReportID
    [PXDBInt()]
    [PXUIField(DisplayName = "Upgrade Report ID")]
    public virtual int? UpgradeReportID { get; set; }
    public abstract class upgradeReportID : PX.Data.BQL.BqlInt.Field<upgradeReportID> { }
    #endregion

    #region ObjectID
    [PXDBIdentity(IsKey = true)]    
    [PXUIField(DisplayName = "Upgrade Object ID")] 
    public virtual int? ObjectID{ get; set; }
    public abstract class objectID: PX.Data.BQL.BqlInt.Field<objectID> { }
    #endregion

    #region ObjectName
    [PXDBString(255, InputMask = "")]
    [PXUIField(DisplayName = "Object Name")]
    public virtual string ObjectName{ get; set; }
    public abstract class objectName: PX.Data.BQL.BqlString.Field<objectName> { }
    #endregion
      
    #region ScreenID
    [PXDBString(8, InputMask = "")]
    [PXUIField(DisplayName = "Screen ID")]
    public virtual string ScreenID { get; set; }
    public abstract class screenID : PX.Data.BQL.BqlString.Field<screenID> { }
    #endregion

    #region ObjectType
    [PXDBString(1, InputMask = "")]
    [PXUIField(DisplayName = "Object Type")]
    public virtual string ObjectType { get; set; }
    public abstract class objectType : PX.Data.BQL.BqlString.Field<objectType> { }
    #endregion

    #region UpgradeStatus
    [PXDBString(1, InputMask = "")]
    [PXUIField(DisplayName = "Upgrade Status")]
    public virtual string UpgradeStatus { get; set; }
    public abstract class upgradeStatus : PX.Data.BQL.BqlString.Field<upgradeStatus> { }
    #endregion

    #region CreatedByID
    [PXDBCreatedByID()]
    public virtual Guid? CreatedByID { get; set; }
    public abstract class createdByID : PX.Data.BQL.BqlGuid.Field<createdByID> { }
    #endregion

    #region CreatedByScreenID
    [PXDBCreatedByScreenID()]
    public virtual string CreatedByScreenID { get; set; }
    public abstract class createdByScreenID : PX.Data.BQL.BqlString.Field<createdByScreenID> { }
    #endregion

    #region CreatedDateTime
    [PXDBCreatedDateTime()]
    public virtual DateTime? CreatedDateTime { get; set; }
    public abstract class createdDateTime : PX.Data.BQL.BqlDateTime.Field<createdDateTime> { }
    #endregion

    #region LastModifiedByID
    [PXDBLastModifiedByID()]
    public virtual Guid? LastModifiedByID { get; set; }
    public abstract class lastModifiedByID : PX.Data.BQL.BqlGuid.Field<lastModifiedByID> { }
    #endregion

    #region LastModifiedByScreenID
    [PXDBLastModifiedByScreenID()]
    public virtual string LastModifiedByScreenID { get; set; }
    public abstract class lastModifiedByScreenID : PX.Data.BQL.BqlString.Field<lastModifiedByScreenID> { }
    #endregion

    #region LastModifiedDateTime
    [PXDBLastModifiedDateTime()]
    public virtual DateTime? LastModifiedDateTime { get; set; }
    public abstract class lastModifiedDateTime : PX.Data.BQL.BqlDateTime.Field<lastModifiedDateTime> { }
    #endregion

    #region Noteid
    [PXNote()]
    public virtual Guid? Noteid { get; set; }
    public abstract class noteid : PX.Data.BQL.BqlGuid.Field<noteid> { }
    #endregion
  }
}*/]]></CDATA>
    </Graph>
    <Graph ClassName="UpgradeReportObjectDetail" Source="#CDATA" IsNew="True" FileType="NewDac">
        <CDATA name="Source"><![CDATA[/*using System;
using PX.Data;

namespace HackathonCore
{
  [Serializable]
  [PXCacheName("UpgradeReportObjectDetail")]
  public class UpgradeReportObjectDetail : PXBqlTable, IBqlTable
  {
    #region UpgradeReportID
    [PXDBInt(IsKey = true)]
    [PXUIField(DisplayName = "Upgrade Report ID")]
    public virtual int? UpgradeReportID { get; set; }
    public abstract class upgradeReportID : PX.Data.BQL.BqlInt.Field<upgradeReportID> { }
    #endregion

    #region ObjectID
    [PXDBInt()]
    [PXUIField(DisplayName = "Upgrade Object ID")]
    public virtual int? ObjectID { get; set; }
    public abstract class objectID : PX.Data.BQL.BqlInt.Field<objectID > { }
    #endregion

    #region DetailID
    [PXDBIdentity(IsKey = true)]
    public virtual int? DetailID { get; set; }
    public abstract class detailID : PX.Data.BQL.BqlInt.Field<detailID> { }
    #endregion

    #region Cachetype
    [PXDBString(255, InputMask = "")]
    [PXUIField(DisplayName = "Cachetype")]
    public virtual string Cachetype { get; set; }
    public abstract class cachetype : PX.Data.BQL.BqlString.Field<cachetype> { }
    #endregion

    #region Cachefield
    [PXDBString(255, InputMask = "")]
    [PXUIField(DisplayName = "Cachefield")]
    public virtual string Cachefield { get; set; }
    public abstract class cachefield : PX.Data.BQL.BqlString.Field<cachefield> { }
    #endregion


    #region ReleaseNotes
    [PXDBString(255, InputMask = "")]
    [PXUIField(DisplayName = "ReleaseNotes")]
    public virtual string ReleaseNotes { get; set; }
    public abstract class releaseNotes : PX.Data.BQL.BqlString.Field<releaseNotes> { }
    #endregion

    #region CreatedByID
    [PXDBCreatedByID()]
    public virtual Guid? CreatedByID { get; set; }
    public abstract class createdByID : PX.Data.BQL.BqlGuid.Field<createdByID> { }
    #endregion

    #region CreatedByScreenID
    [PXDBCreatedByScreenID()]
    public virtual string CreatedByScreenID { get; set; }
    public abstract class createdByScreenID : PX.Data.BQL.BqlString.Field<createdByScreenID> { }
    #endregion

    #region CreatedDateTime
    [PXDBCreatedDateTime()]
    public virtual DateTime? CreatedDateTime { get; set; }
    public abstract class createdDateTime : PX.Data.BQL.BqlDateTime.Field<createdDateTime> { }
    #endregion

    #region LastModifiedByID
    [PXDBLastModifiedByID()]
    public virtual Guid? LastModifiedByID { get; set; }
    public abstract class lastModifiedByID : PX.Data.BQL.BqlGuid.Field<lastModifiedByID> { }
    #endregion

    #region LastModifiedByScreenID
    [PXDBLastModifiedByScreenID()]
    public virtual string LastModifiedByScreenID { get; set; }
    public abstract class lastModifiedByScreenID : PX.Data.BQL.BqlString.Field<lastModifiedByScreenID> { }
    #endregion

    #region LastModifiedDateTime
    [PXDBLastModifiedDateTime()]
    public virtual DateTime? LastModifiedDateTime { get; set; }
    public abstract class lastModifiedDateTime : PX.Data.BQL.BqlDateTime.Field<lastModifiedDateTime> { }
    #endregion

    #region Noteid
    [PXNote()]
    public virtual Guid? Noteid { get; set; }
    public abstract class noteid : PX.Data.BQL.BqlGuid.Field<noteid> { }
    #endregion
  }
}*/]]></CDATA>
    </Graph>
    <Graph ClassName="VERSIONHistory" Source="#CDATA" IsNew="True" FileType="NewDac">
        <CDATA name="Source"><![CDATA[/*using System;
using PX.Data;

namespace HackathonCore
{
  [Serializable]
  [PXCacheName("VERSIONHistory")]
  public class VERSIONHistory : PXBqlTable, IBqlTable
  {
    #region VersionAuditID
    [PXDBIdentity(IsKey = true)]
    public virtual int? VersionAuditID { get; set; }
    public abstract class versionAuditID : PX.Data.BQL.BqlInt.Field<versionAuditID> { }
    #endregion

    #region DatabaseID
    [PXDBInt(IsKey = true)]
    [PXUIField(DisplayName = "Database ID")]
    public virtual int? DatabaseID { get; set; }
    public abstract class databaseID : PX.Data.BQL.BqlInt.Field<databaseID> { }
    #endregion

    #region ComponentName
    [PXDBString(100, IsKey = true, InputMask = "")]
    [PXUIField(DisplayName = "Component Name")]
    public virtual string ComponentName { get; set; }
    public abstract class componentName : PX.Data.BQL.BqlString.Field<componentName> { }
    #endregion

    #region ComponentType
    [PXDBString(1, InputMask = "")]
    [PXUIField(DisplayName = "Component Type")]
    public virtual string ComponentType { get; set; }
    public abstract class componentType : PX.Data.BQL.BqlString.Field<componentType> { }
    #endregion

    #region Version
    [PXDBString(20, InputMask = "")]
    [PXUIField(DisplayName = "Version")]
    public virtual string Version { get; set; }
    public abstract class version : PX.Data.BQL.BqlString.Field<version> { }
    #endregion

    #region Date
    [PXDBDate()]
    [PXUIField(DisplayName = "Date")]
    public virtual DateTime? Date { get; set; }
    public abstract class date : PX.Data.BQL.BqlDateTime.Field<date> { }
    #endregion

    #region Hash
    [PXDBInt()]
    [PXUIField(DisplayName = "Hash")]
    public virtual int? Hash { get; set; }
    public abstract class hash : PX.Data.BQL.BqlInt.Field<hash> { }
    #endregion

    #region Altered
    [PXDBDate()]
    [PXUIField(DisplayName = "Altered")]
    public virtual DateTime? Altered { get; set; }
    public abstract class altered : PX.Data.BQL.BqlDateTime.Field<altered> { }
    #endregion
  }
}*/]]></CDATA>
    </Graph>
    <Graph ClassName="VERSIONHistoryView" Source="#CDATA" IsNew="True" FileType="NewDac">
        <CDATA name="Source"><![CDATA[/*using System;
using PX.Data;

namespace HackathonCore
{
  [Serializable]
  [PXCacheName("VERSIONHistoryView")]
  public class VERSIONHistoryView : PXBqlTable, IBqlTable
  {
    #region DatabaseID
    [PXDBInt()]
    [PXUIField(DisplayName = "Database ID")]
    public virtual int? DatabaseID { get; set; }
    public abstract class databaseID : PX.Data.BQL.BqlInt.Field<databaseID> { }
    #endregion

    #region ComponentName
    [PXDBString(100, InputMask = "")]
    [PXUIField(DisplayName = "Component Name")]
    public virtual string ComponentName { get; set; }
    public abstract class componentName : PX.Data.BQL.BqlString.Field<componentName> { }
    #endregion

    #region ComponentType
    [PXDBString(1, InputMask = "")]
    [PXUIField(DisplayName = "Component Type")]
    public virtual string ComponentType { get; set; }
    public abstract class componentType : PX.Data.BQL.BqlString.Field<componentType> { }
    #endregion

    #region Version
    [PXDBString(20, InputMask = "")]
    [PXUIField(DisplayName = "Version")]
    public virtual string Version { get; set; }
    public abstract class version : PX.Data.BQL.BqlString.Field<version> { }
    #endregion

    #region Date
    [PXDBDate()]
    [PXUIField(DisplayName = "Date")]
    public virtual DateTime? Date { get; set; }
    public abstract class date : PX.Data.BQL.BqlDateTime.Field<date> { }
    #endregion

    #region Hash
    [PXDBInt()]
    [PXUIField(DisplayName = "Hash")]
    public virtual int? Hash { get; set; }
    public abstract class hash : PX.Data.BQL.BqlInt.Field<hash> { }
    #endregion

    #region Altered
    [PXDBDate()]
    [PXUIField(DisplayName = "Altered")]
    public virtual DateTime? Altered { get; set; }
    public abstract class altered : PX.Data.BQL.BqlDateTime.Field<altered> { }
    #endregion
  }
}*/]]></CDATA>
    </Graph>
    <Sql TableName="CreateNewUpgradeReports" CustomScript="#CDATA">
        <CDATA name="CustomScript"><![CDATA[

IF OBJECT_ID('UpgradeReport', 'U') IS NULL
BEGIN

	CREATE TABLE [dbo].[UpgradeReport](
		[CompanyID] [int] NOT NULL,
		[UpgradeReportID] INT IDENTITY(1,1) NOT NULL,
		[CurrentVersion] [varchar](20) NOT NULL,
		[PreviousVersion] [varchar](20) NOT NULL,
		[CreatedByID] [uniqueidentifier] NOT NULL,
		[CreatedByScreenID] [char](8) NOT NULL,
		[CreatedDateTime] [datetime] NOT NULL,
		[LastModifiedByID] [uniqueidentifier] NOT NULL,
		[LastModifiedByScreenID] [char](8) NOT NULL,
		[LastModifiedDateTime] [datetime] NOT NULL,
		[NoteID] [uniqueidentifier] NOT NULL,
	 CONSTRAINT [UpgradeReport_PK] PRIMARY KEY CLUSTERED 
	(
		[CompanyID] ASC,
		[UpgradeReportID] ASC
	)WITH (PAD_INDEX = OFF, STATISTICS_NORECOMPUTE = OFF, IGNORE_DUP_KEY = OFF, ALLOW_ROW_LOCKS = ON, ALLOW_PAGE_LOCKS = ON, OPTIMIZE_FOR_SEQUENTIAL_KEY = OFF) ON [PRIMARY]
	) ON [PRIMARY]

	ALTER TABLE [dbo].[UpgradeReport] ADD DEFAULT ((0)) FOR [CompanyID]

END

GO


IF OBJECT_ID('UpgradeReportObject', 'U') IS NULL
BEGIN


	CREATE TABLE [dbo].[UpgradeReportObject](
		[CompanyID] [int] NOT NULL,
		[UpgradeReportID] INT NOT NULL,
		[ObjectID] INT IDENTITY(1,1) NOT NULL,
		[ObjectName] [varchar](255) NOT NULL,
		[ScreenID] [varchar](8) NULL,
		[ObjectType] [varchar](1) NOT NULL,
		[UpgradeStatus] [varchar](1) NOT NULL,
		[CreatedByID] [uniqueidentifier] NOT NULL,
		[CreatedByScreenID] [char](8) NOT NULL,
		[CreatedDateTime] [datetime] NOT NULL,
		[LastModifiedByID] [uniqueidentifier] NOT NULL,
		[LastModifiedByScreenID] [char](8) NOT NULL,
		[LastModifiedDateTime] [datetime] NOT NULL,
		[NoteID] [uniqueidentifier] NOT NULL,
	 CONSTRAINT [UpgradeReportObject_PK] PRIMARY KEY CLUSTERED 
	(
		[CompanyID] ASC,
		[UpgradeReportID] ASC,
		[ObjectID] ASC
	)WITH (PAD_INDEX = OFF, STATISTICS_NORECOMPUTE = OFF, IGNORE_DUP_KEY = OFF, ALLOW_ROW_LOCKS = ON, ALLOW_PAGE_LOCKS = ON, OPTIMIZE_FOR_SEQUENTIAL_KEY = OFF) ON [PRIMARY]
	) ON [PRIMARY]


	
	ALTER TABLE [dbo].[UpgradeReportObject] ADD DEFAULT ((0)) FOR [CompanyID]

	ALTER TABLE [dbo].[UpgradeReportObject] ADD DEFAULT (('U')) FOR [UpgradeStatus]

END



IF OBJECT_ID('UpgradeReportObjectDetail', 'U') IS NULL
BEGIN



	CREATE TABLE [dbo].[UpgradeReportObjectDetail](
		[CompanyID] [int] NOT NULL,
		[UpgradeReportID] INT NOT NULL,
		[ObjectID] INT NOT NULL,
		[DetailID] INT IDENTITY(1,1) NOT NULL,
		[Cachetype] [varchar](255) NOT NULL,
		[Cachefield] [varchar](255) NOT NULL,
		[ReleaseNotes] [varchar](255) NULL,
		[CreatedByID] [uniqueidentifier] NOT NULL,
		[CreatedByScreenID] [char](8) NOT NULL,
		[CreatedDateTime] [datetime] NOT NULL,
		[LastModifiedByID] [uniqueidentifier] NOT NULL,
		[LastModifiedByScreenID] [char](8) NOT NULL,
		[LastModifiedDateTime] [datetime] NOT NULL,
		[NoteID] [uniqueidentifier] NOT NULL,
	 CONSTRAINT [UpgradeReportObjectDetail_PK] PRIMARY KEY CLUSTERED 
	(
		[CompanyID] ASC,
		[UpgradeReportID] ASC,
		[ObjectID] ASC,
		[DetailID] ASC
	)WITH (PAD_INDEX = OFF, STATISTICS_NORECOMPUTE = OFF, IGNORE_DUP_KEY = OFF, ALLOW_ROW_LOCKS = ON, ALLOW_PAGE_LOCKS = ON, OPTIMIZE_FOR_SEQUENTIAL_KEY = OFF) ON [PRIMARY]
	) ON [PRIMARY]


	ALTER TABLE [dbo].[UpgradeReportObjectDetail] ADD DEFAULT ((0)) FOR [CompanyID]

END]]></CDATA>
    </Sql>
    <Sql TableName="CreateReleaseChangeHistoryTable" CustomScript="#CDATA">
        <CDATA name="CustomScript"><![CDATA[CREATE TABLE [dbo].[ReleaseChangeHistory](
	[CompanyID] [int] NOT NULL,
	[VersionName] [nvarchar](50) NULL,
	[Field] [nvarchar](50) NULL,
	[DataObject] [nvarchar](50) NULL,
	[ChangeType] [nvarchar](50) NULL
) ON [PRIMARY]
GO]]></CDATA>
    </Sql>
    <Sql TableName="InsertDataToReleaseChangeHistory" SqlScriptPriority="1" CustomScript="#CDATA">
        <CDATA name="CustomScript"><![CDATA[
INSERT [dbo].[ReleaseChangeHistory] ([CompanyID], [VersionName], [Field], [DataObject], [ChangeType]) VALUES (2, N'24.200.0118', N'', N'DashAMChartDescription', NULL)

INSERT [dbo].[ReleaseChangeHistory] ([CompanyID], [VersionName], [Field], [DataObject], [ChangeType]) VALUES (2, N'24.200.0118', N'', N'DashChartDescription', NULL)

INSERT [dbo].[ReleaseChangeHistory] ([CompanyID], [VersionName], [Field], [DataObject], [ChangeType]) VALUES (2, N'24.200.0118', N'', N'DashDefinition', NULL)

INSERT [dbo].[ReleaseChangeHistory] ([CompanyID], [VersionName], [Field], [DataObject], [ChangeType]) VALUES (2, N'24.200.0118', N'', N'DashDescription', NULL)

INSERT [dbo].[ReleaseChangeHistory] ([CompanyID], [VersionName], [Field], [DataObject], [ChangeType]) VALUES (2, N'24.200.0118', N'', N'DashPosition', NULL)

INSERT [dbo].[ReleaseChangeHistory] ([CompanyID], [VersionName], [Field], [DataObject], [ChangeType]) VALUES (2, N'24.200.0118', N'', N'GLVoucher', NULL)

INSERT [dbo].[ReleaseChangeHistory] ([CompanyID], [VersionName], [Field], [DataObject], [ChangeType]) VALUES (2, N'24.200.0118', N'', N'GLVoucherBatch', NULL)

INSERT [dbo].[ReleaseChangeHistory] ([CompanyID], [VersionName], [Field], [DataObject], [ChangeType]) VALUES (2, N'24.200.0118', N'', N'GLWorkBook', NULL)

INSERT [dbo].[ReleaseChangeHistory] ([CompanyID], [VersionName], [Field], [DataObject], [ChangeType]) VALUES (2, N'24.200.0118', N'', N'PMAllocationStep', NULL)

INSERT [dbo].[ReleaseChangeHistory] ([CompanyID], [VersionName], [Field], [DataObject], [ChangeType]) VALUES (2, N'24.200.0118', N'', N'PMCostCenter', NULL)

INSERT [dbo].[ReleaseChangeHistory] ([CompanyID], [VersionName], [Field], [DataObject], [ChangeType]) VALUES (2, N'24.200.0118', N'', N'PMDetail', NULL)

INSERT [dbo].[ReleaseChangeHistory] ([CompanyID], [VersionName], [Field], [DataObject], [ChangeType]) VALUES (2, N'24.200.0118', N'', N'PortallSVMap', NULL)

INSERT [dbo].[ReleaseChangeHistory] ([CompanyID], [VersionName], [Field], [DataObject], [ChangeType]) VALUES (2, N'24.200.0118', N'', N'RUTROT', NULL)

INSERT [dbo].[ReleaseChangeHistory] ([CompanyID], [VersionName], [Field], [DataObject], [ChangeType]) VALUES (2, N'24.200.0118', N'', N'RUTROTDistribution', NULL)

INSERT [dbo].[ReleaseChangeHistory] ([CompanyID], [VersionName], [Field], [DataObject], [ChangeType]) VALUES (2, N'24.200.0118', N'', N'RUTROTSetup', NULL)

INSERT [dbo].[ReleaseChangeHistory] ([CompanyID], [VersionName], [Field], [DataObject], [ChangeType]) VALUES (2, N'24.200.0118', N'', N'RUTROTWorkType', NULL)

INSERT [dbo].[ReleaseChangeHistory] ([CompanyID], [VersionName], [Field], [DataObject], [ChangeType]) VALUES (2, N'24.200.0118', N'DupinvBOM', N'AMBSetup', NULL)

INSERT [dbo].[ReleaseChangeHistory] ([CompanyID], [VersionName], [Field], [DataObject], [ChangeType]) VALUES (2, N'24.200.0118', N'DuplnvOper', N'AMBSetup', NULL)

INSERT [dbo].[ReleaseChangeHistory] ([CompanyID], [VersionName], [Field], [DataObject], [ChangeType]) VALUES (2, N'24.200.0118', N'MultDiv', N'AMClockltem', NULL)

INSERT [dbo].[ReleaseChangeHistory] ([CompanyID], [VersionName], [Field], [DataObject], [ChangeType]) VALUES (2, N'24.200.0118', N'MultDiv', N'AMProdltem', NULL)

INSERT [dbo].[ReleaseChangeHistory] ([CompanyID], [VersionName], [Field], [DataObject], [ChangeType]) VALUES (2, N'24.200.0118', N'SchdConst', N'AMProdltem', NULL)

INSERT [dbo].[ReleaseChangeHistory] ([CompanyID], [VersionName], [Field], [DataObject], [ChangeType]) VALUES (2, N'24.200.0118', N'Column', N'Table', NULL)

INSERT [dbo].[ReleaseChangeHistory] ([CompanyID], [VersionName], [Field], [DataObject], [ChangeType]) VALUES (2, N'24.200.0118', N'PlanOrderType', N'AMRPDetail', NULL)

INSERT [dbo].[ReleaseChangeHistory] ([CompanyID], [VersionName], [Field], [DataObject], [ChangeType]) VALUES (2, N'24.200.0118', N'PlanOrderNbr', N'AMRPDetail', NULL)

INSERT [dbo].[ReleaseChangeHistory] ([CompanyID], [VersionName], [Field], [DataObject], [ChangeType]) VALUES (2, N'24.200.0118', N'SchdConst', N'AMSchdltem', NULL)

INSERT [dbo].[ReleaseChangeHistory] ([CompanyID], [VersionName], [Field], [DataObject], [ChangeType]) VALUES (2, N'24.200.0118', N'SchdConst', N'AMSchdOper', NULL)

INSERT [dbo].[ReleaseChangeHistory] ([CompanyID], [VersionName], [Field], [DataObject], [ChangeType]) VALUES (2, N'24.200.0118', N'LineType', N'AMVendorShipLineSplit', NULL)

INSERT [dbo].[ReleaseChangeHistory] ([CompanyID], [VersionName], [Field], [DataObject], [ChangeType]) VALUES (2, N'24.200.0118', N'DepositDate', N'APPayment', NULL)

INSERT [dbo].[ReleaseChangeHistory] ([CompanyID], [VersionName], [Field], [DataObject], [ChangeType]) VALUES (2, N'24.200.0118', N'PPDCrMemoRefNbr', N'ARAdjust', NULL)

INSERT [dbo].[ReleaseChangeHistory] ([CompanyID], [VersionName], [Field], [DataObject], [ChangeType]) VALUES (2, N'24.200.0118', N'IsRUTROTDeductible', N'ARInvoice', NULL)

INSERT [dbo].[ReleaseChangeHistory] ([CompanyID], [VersionName], [Field], [DataObject], [ChangeType]) VALUES (2, N'24.200.0118', N'DepositDate', N'ARPayment', NULL)

INSERT [dbo].[ReleaseChangeHistory] ([CompanyID], [VersionName], [Field], [DataObject], [ChangeType]) VALUES (2, N'24.200.0118', N'IsRUTROTPayment', N'ARPayment', NULL)

INSERT [dbo].[ReleaseChangeHistory] ([CompanyID], [VersionName], [Field], [DataObject], [ChangeType]) VALUES (2, N'24.200.0118', N'IsRUTROTDeductible', N'ARTran', NULL)

INSERT [dbo].[ReleaseChangeHistory] ([CompanyID], [VersionName], [Field], [DataObject], [ChangeType]) VALUES (2, N'24.200.0118', N'RUTROTWorkType', N'ARTran', NULL)

INSERT [dbo].[ReleaseChangeHistory] ([CompanyID], [VersionName], [Field], [DataObject], [ChangeType]) VALUES (2, N'24.200.0118', N'RUTROTWorkTypelD', N'ARTran', NULL)

INSERT [dbo].[ReleaseChangeHistory] ([CompanyID], [VersionName], [Field], [DataObject], [ChangeType]) VALUES (2, N'24.200.0118', N'RUTROTltemType', N'ARTran', NULL)

INSERT [dbo].[ReleaseChangeHistory] ([CompanyID], [VersionName], [Field], [DataObject], [ChangeType]) VALUES (2, N'24.200.0118', N'CuryRUTROTAvailableAmt ', N'ARTran', NULL)

INSERT [dbo].[ReleaseChangeHistory] ([CompanyID], [VersionName], [Field], [DataObject], [ChangeType]) VALUES (2, N'24.200.0118', N'CuryRUTROTTaxAmountDeductible ', N'ARTran', NULL)

INSERT [dbo].[ReleaseChangeHistory] ([CompanyID], [VersionName], [Field], [DataObject], [ChangeType]) VALUES (2, N'24.200.0118', N'RUTROTAvailableAmt ', N'ARTran', NULL)

INSERT [dbo].[ReleaseChangeHistory] ([CompanyID], [VersionName], [Field], [DataObject], [ChangeType]) VALUES (2, N'24.200.0118', N'RUTROTTaxAmountDeductible ', N'ARTran', NULL)

INSERT [dbo].[ReleaseChangeHistory] ([CompanyID], [VersionName], [Field], [DataObject], [ChangeType]) VALUES (2, N'24.200.0118', N'AllowsRUTROT', N'Branch', NULL)

INSERT [dbo].[ReleaseChangeHistory] ([CompanyID], [VersionName], [Field], [DataObject], [ChangeType]) VALUES (2, N'24.200.0118', N'RUTROTDeductionPct', N'Branch', NULL)

INSERT [dbo].[ReleaseChangeHistory] ([CompanyID], [VersionName], [Field], [DataObject], [ChangeType]) VALUES (2, N'24.200.0118', N'RUTROTPersonalAllowanceLimit', N'Branch', NULL)

INSERT [dbo].[ReleaseChangeHistory] ([CompanyID], [VersionName], [Field], [DataObject], [ChangeType]) VALUES (2, N'24.200.0118', N'RUTDeductonPct', N'Branch', NULL)

INSERT [dbo].[ReleaseChangeHistory] ([CompanyID], [VersionName], [Field], [DataObject], [ChangeType]) VALUES (2, N'24.200.0118', N'RUTPersonalAllowanceLimit', N'Branch', NULL)

INSERT [dbo].[ReleaseChangeHistory] ([CompanyID], [VersionName], [Field], [DataObject], [ChangeType]) VALUES (2, N'24.200.0118', N'RUTExtraAllowanceLimit', N'Branch', NULL)

INSERT [dbo].[ReleaseChangeHistory] ([CompanyID], [VersionName], [Field], [DataObject], [ChangeType]) VALUES (2, N'24.200.0118', N'ROTDeductionPct', N'Branch', NULL)

INSERT [dbo].[ReleaseChangeHistory] ([CompanyID], [VersionName], [Field], [DataObject], [ChangeType]) VALUES (2, N'24.200.0118', N'ROTPersonalAllowanceLimit', N'Branch', NULL)

INSERT [dbo].[ReleaseChangeHistory] ([CompanyID], [VersionName], [Field], [DataObject], [ChangeType]) VALUES (2, N'24.200.0118', N' ROTExtraAllowanceLimit', N'Branch', NULL)

INSERT [dbo].[ReleaseChangeHistory] ([CompanyID], [VersionName], [Field], [DataObject], [ChangeType]) VALUES (2, N'24.200.0118', N'RUTROTCurylD', N'Branch', NULL)

INSERT [dbo].[ReleaseChangeHistory] ([CompanyID], [VersionName], [Field], [DataObject], [ChangeType]) VALUES (2, N'24.200.0118', N'RUTROTClaimNextRefNbr ', N'Branch', NULL)

INSERT [dbo].[ReleaseChangeHistory] ([CompanyID], [VersionName], [Field], [DataObject], [ChangeType]) VALUES (2, N'24.200.0118', N'RUTROTOrgNbrValidReEx', N'Branch', NULL)

INSERT [dbo].[ReleaseChangeHistory] ([CompanyID], [VersionName], [Field], [DataObject], [ChangeType]) VALUES (2, N'24.200.0118', N'DefaultRUTROTType', N'Branch', NULL)

INSERT [dbo].[ReleaseChangeHistory] ([CompanyID], [VersionName], [Field], [DataObject], [ChangeType]) VALUES (2, N'24.200.0118', N'TaxAgencyAccountlD', N'Branch', NULL)

INSERT [dbo].[ReleaseChangeHistory] ([CompanyID], [VersionName], [Field], [DataObject], [ChangeType]) VALUES (2, N'24.200.0118', N'BalanceOnProcess', N'Branch', NULL)

INSERT [dbo].[ReleaseChangeHistory] ([CompanyID], [VersionName], [Field], [DataObject], [ChangeType]) VALUES (2, N'24.200.0118', N'DepositDate', N'CAAdj', NULL)

INSERT [dbo].[ReleaseChangeHistory] ([CompanyID], [VersionName], [Field], [DataObject], [ChangeType]) VALUES (2, N'24.200.0118', N'SLAETA', N'CRCase', NULL)

INSERT [dbo].[ReleaseChangeHistory] ([CompanyID], [VersionName], [Field], [DataObject], [ChangeType]) VALUES (2, N'24.200.0118', N'TimeReaction', N'CRClassSeverityTime', NULL)

INSERT [dbo].[ReleaseChangeHistory] ([CompanyID], [VersionName], [Field], [DataObject], [ChangeType]) VALUES (2, N'24.200.0118', N'RutRotDeduction', N'FeaturesSet', NULL)

INSERT [dbo].[ReleaseChangeHistory] ([CompanyID], [VersionName], [Field], [DataObject], [ChangeType]) VALUES (2, N'24.200.0118', N'Column', N'Table', NULL)

INSERT [dbo].[ReleaseChangeHistory] ([CompanyID], [VersionName], [Field], [DataObject], [ChangeType]) VALUES (2, N'24.200.0118', N'GLWorkBooks', N'FeaturesSet', NULL)

INSERT [dbo].[ReleaseChangeHistory] ([CompanyID], [VersionName], [Field], [DataObject], [ChangeType]) VALUES (2, N'24.200.0118', N'IsRUTROTDeductible', N'Inventoryltem', NULL)

INSERT [dbo].[ReleaseChangeHistory] ([CompanyID], [VersionName], [Field], [DataObject], [ChangeType]) VALUES (2, N'24.200.0118', N'RUTROTWorkType', N'Inventoryltem', NULL)

INSERT [dbo].[ReleaseChangeHistory] ([CompanyID], [VersionName], [Field], [DataObject], [ChangeType]) VALUES (2, N'24.200.0118', N'RUTROTWorkTypelD', N'Inventoryltem', NULL)

INSERT [dbo].[ReleaseChangeHistory] ([CompanyID], [VersionName], [Field], [DataObject], [ChangeType]) VALUES (2, N'24.200.0118', N'RUTROTltemType', N' Inventoryltem', NULL)

INSERT [dbo].[ReleaseChangeHistory] ([CompanyID], [VersionName], [Field], [DataObject], [ChangeType]) VALUES (2, N'24.200.0118', N'RUTROTType', N'Inventoryltem', NULL)

INSERT [dbo].[ReleaseChangeHistory] ([CompanyID], [VersionName], [Field], [DataObject], [ChangeType]) VALUES (2, N'24.200.0118', N'CompanyWarrantyType ', N'Inventoryltem', NULL)

INSERT [dbo].[ReleaseChangeHistory] ([CompanyID], [VersionName], [Field], [DataObject], [ChangeType]) VALUES (2, N'24.200.0118', N'CompanyWarrantyValue', N'Inventoryltem', NULL)

INSERT [dbo].[ReleaseChangeHistory] ([CompanyID], [VersionName], [Field], [DataObject], [ChangeType]) VALUES (2, N'24.200.0118', N'OrganizationGrouplD', N'Organization', NULL)

INSERT [dbo].[ReleaseChangeHistory] ([CompanyID], [VersionName], [Field], [DataObject], [ChangeType]) VALUES (2, N'24.200.0118', N'AllowsRUTROT', N'Organization', NULL)

INSERT [dbo].[ReleaseChangeHistory] ([CompanyID], [VersionName], [Field], [DataObject], [ChangeType]) VALUES (2, N'24.200.0118', N'RUTROTDeductionPct', N'Organization', NULL)

INSERT [dbo].[ReleaseChangeHistory] ([CompanyID], [VersionName], [Field], [DataObject], [ChangeType]) VALUES (2, N'24.200.0118', N'RUTROTPersonalAllowanceLimit', N'Organization', NULL)

INSERT [dbo].[ReleaseChangeHistory] ([CompanyID], [VersionName], [Field], [DataObject], [ChangeType]) VALUES (2, N'24.200.0118', N'RUTDeductionPct', N'Organization', NULL)

INSERT [dbo].[ReleaseChangeHistory] ([CompanyID], [VersionName], [Field], [DataObject], [ChangeType]) VALUES (2, N'24.200.0118', N'RUTPersonalAllowanceLimit ', N'Organization', NULL)

INSERT [dbo].[ReleaseChangeHistory] ([CompanyID], [VersionName], [Field], [DataObject], [ChangeType]) VALUES (2, N'24.200.0118', N'RUTExtraAllowanceLimit', N'Organization', NULL)

INSERT [dbo].[ReleaseChangeHistory] ([CompanyID], [VersionName], [Field], [DataObject], [ChangeType]) VALUES (2, N'24.200.0118', N'ROTDeductionPct', N'Organization', NULL)

INSERT [dbo].[ReleaseChangeHistory] ([CompanyID], [VersionName], [Field], [DataObject], [ChangeType]) VALUES (2, N'24.200.0118', N'ROTPersonalAllowanceLimit ', N'Organization', NULL)

INSERT [dbo].[ReleaseChangeHistory] ([CompanyID], [VersionName], [Field], [DataObject], [ChangeType]) VALUES (2, N'24.200.0118', N'ROTExtraAllowanceLimit', N'Organization', NULL)

INSERT [dbo].[ReleaseChangeHistory] ([CompanyID], [VersionName], [Field], [DataObject], [ChangeType]) VALUES (2, N'24.200.0118', N'RUTROTCurylD', N'Organization', NULL)

INSERT [dbo].[ReleaseChangeHistory] ([CompanyID], [VersionName], [Field], [DataObject], [ChangeType]) VALUES (2, N'24.200.0118', N'RUTROTClaimNextRefNbr ', N'Organization', NULL)

INSERT [dbo].[ReleaseChangeHistory] ([CompanyID], [VersionName], [Field], [DataObject], [ChangeType]) VALUES (2, N'24.200.0118', N'RUTROTOrgNbrValidReEx', N'Organization', NULL)

INSERT [dbo].[ReleaseChangeHistory] ([CompanyID], [VersionName], [Field], [DataObject], [ChangeType]) VALUES (2, N'24.200.0118', N'DefaultRUTROTType', N'Organization', NULL)

INSERT [dbo].[ReleaseChangeHistory] ([CompanyID], [VersionName], [Field], [DataObject], [ChangeType]) VALUES (2, N'24.200.0118', N'TaxAgencyAccountlD', N'Organization', NULL)

INSERT [dbo].[ReleaseChangeHistory] ([CompanyID], [VersionName], [Field], [DataObject], [ChangeType]) VALUES (2, N'24.200.0118', N'IsPayingCarryover', N'PREarningDetail', NULL)

INSERT [dbo].[ReleaseChangeHistory] ([CompanyID], [VersionName], [Field], [DataObject], [ChangeType]) VALUES (2, N'24.200.0118', N'UsePTOBanksFromClass', N'PREmployee', NULL)

INSERT [dbo].[ReleaseChangeHistory] ([CompanyID], [VersionName], [Field], [DataObject], [ChangeType]) VALUES (2, N'24.200.0118', N'AccrualMethod', N'PREmployeeClassPTOBank ', NULL)

INSERT [dbo].[ReleaseChangeHistory] ([CompanyID], [VersionName], [Field], [DataObject], [ChangeType]) VALUES (2, N'24.200.0118', N'CarryoverType', N'PREmployeeClassPTOBank ', NULL)

INSERT [dbo].[ReleaseChangeHistory] ([CompanyID], [VersionName], [Field], [DataObject], [ChangeType]) VALUES (2, N'24.200.0118', N'DisbursingType', N'PREmployeeClassPTOBank ', NULL)

INSERT [dbo].[ReleaseChangeHistory] ([CompanyID], [VersionName], [Field], [DataObject], [ChangeType]) VALUES (2, N'24.200.0118', N'UseClassDefault', N'PREmployeeClassPTOBank ', NULL)

INSERT [dbo].[ReleaseChangeHistory] ([CompanyID], [VersionName], [Field], [DataObject], [ChangeType]) VALUES (2, N'24.200.0118', N'DisbursingType', N'PREmployeeClassPTOBank ', NULL)

INSERT [dbo].[ReleaseChangeHistory] ([CompanyID], [VersionName], [Field], [DataObject], [ChangeType]) VALUES (2, N'24.200.0118', N'AutoPayCarryover', N'PRPayment', NULL)

INSERT [dbo].[ReleaseChangeHistory] ([CompanyID], [VersionName], [Field], [DataObject], [ChangeType]) VALUES (2, N'24.200.0118', N'ProcessedPaidCarryover ', N'PRPaymentPTOBank', NULL)

INSERT [dbo].[ReleaseChangeHistory] ([CompanyID], [VersionName], [Field], [DataObject], [ChangeType]) VALUES (2, N'24.200.0118', N'PaidCarryoverAmount', N'PRPaymentPTOBank', NULL)

INSERT [dbo].[ReleaseChangeHistory] ([CompanyID], [VersionName], [Field], [DataObject], [ChangeType]) VALUES (2, N'24.200.0118', N'AccrualRate', N'PRPTOBank', NULL)

INSERT [dbo].[ReleaseChangeHistory] ([CompanyID], [VersionName], [Field], [DataObject], [ChangeType]) VALUES (2, N'24.200.0118', N'HoursPerYear', N'PRPTOBank', NULL)

INSERT [dbo].[ReleaseChangeHistory] ([CompanyID], [VersionName], [Field], [DataObject], [ChangeType]) VALUES (2, N'24.200.0118', N'AccrualLimit', N'PRPTOBank', NULL)

INSERT [dbo].[ReleaseChangeHistory] ([CompanyID], [VersionName], [Field], [DataObject], [ChangeType]) VALUES (2, N'24.200.0118', N'CarryoverAmount', N'PRPTOBank', NULL)

INSERT [dbo].[ReleaseChangeHistory] ([CompanyID], [VersionName], [Field], [DataObject], [ChangeType]) VALUES (2, N'24.200.0118', N'FrontLoadingAmount', N'PRPTOBank', NULL)

INSERT [dbo].[ReleaseChangeHistory] ([CompanyID], [VersionName], [Field], [DataObject], [ChangeType]) VALUES (2, N'24.200.0118', N'CarryoverPayMonthLimit', N'PRPTOBank', NULL)

INSERT [dbo].[ReleaseChangeHistory] ([CompanyID], [VersionName], [Field], [DataObject], [ChangeType]) VALUES (2, N'24.200.0118', N'IsRUTROTDeductible', N'SOLine', NULL)

INSERT [dbo].[ReleaseChangeHistory] ([CompanyID], [VersionName], [Field], [DataObject], [ChangeType]) VALUES (2, N'24.200.0118', N'RUTROTWorkType', N'SOLine', NULL)

INSERT [dbo].[ReleaseChangeHistory] ([CompanyID], [VersionName], [Field], [DataObject], [ChangeType]) VALUES (2, N'24.200.0118', N'RUTROTWorkTypelD', N'SOLine', NULL)

INSERT [dbo].[ReleaseChangeHistory] ([CompanyID], [VersionName], [Field], [DataObject], [ChangeType]) VALUES (2, N'24.200.0118', N'RUTROTltemType', N'SOLine', NULL)

INSERT [dbo].[ReleaseChangeHistory] ([CompanyID], [VersionName], [Field], [DataObject], [ChangeType]) VALUES (2, N'24.200.0118', N'CuryRUTROTAvailableAmt ', N'SOLine', NULL)

INSERT [dbo].[ReleaseChangeHistory] ([CompanyID], [VersionName], [Field], [DataObject], [ChangeType]) VALUES (2, N'24.200.0118', N'CuryRUTROTTaxAmountDeductible ', N'SOLine', NULL)

INSERT [dbo].[ReleaseChangeHistory] ([CompanyID], [VersionName], [Field], [DataObject], [ChangeType]) VALUES (2, N'24.200.0118', N'RUTROTAvailableAmt', N'SOLine', NULL)

INSERT [dbo].[ReleaseChangeHistory] ([CompanyID], [VersionName], [Field], [DataObject], [ChangeType]) VALUES (2, N'24.200.0118', N'RUTROTTaxAmountDeductible', N'SOLine', NULL)

INSERT [dbo].[ReleaseChangeHistory] ([CompanyID], [VersionName], [Field], [DataObject], [ChangeType]) VALUES (2, N'24.200.0118', N'IsRUTROTDeductible', N'SOOrder', NULL)

INSERT [dbo].[ReleaseChangeHistory] ([CompanyID], [VersionName], [Field], [DataObject], [ChangeType]) VALUES (2, N'24.200.0118', N'Condition ', N'AMConfigResultsRule ', NULL)

INSERT [dbo].[ReleaseChangeHistory] ([CompanyID], [VersionName], [Field], [DataObject], [ChangeType]) VALUES (2, N'24.200.0118', N'Condition ', N'AMConfigurationRule ', NULL)

INSERT [dbo].[ReleaseChangeHistory] ([CompanyID], [VersionName], [Field], [DataObject], [ChangeType]) VALUES (2, N'24.200.0118', N'OvhdType', N'AMEstimateOvhd', NULL)

INSERT [dbo].[ReleaseChangeHistory] ([CompanyID], [VersionName], [Field], [DataObject], [ChangeType]) VALUES (2, N'24.200.0118', N'Interval', N'AMForecast', NULL)

INSERT [dbo].[ReleaseChangeHistory] ([CompanyID], [VersionName], [Field], [DataObject], [ChangeType]) VALUES (2, N'24.200.0118', N'LaborType', N'AMLaborCode', NULL)

INSERT [dbo].[ReleaseChangeHistory] ([CompanyID], [VersionName], [Field], [DataObject], [ChangeType]) VALUES (2, N'24.200.0118', N'LaborType', N'AMMTran', NULL)

INSERT [dbo].[ReleaseChangeHistory] ([CompanyID], [VersionName], [Field], [DataObject], [ChangeType]) VALUES (2, N'24.200.0118', N'Source', N'AMOrderCrossRef ', NULL)

INSERT [dbo].[ReleaseChangeHistory] ([CompanyID], [VersionName], [Field], [DataObject], [ChangeType]) VALUES (2, N'24.200.0118', N'UnderlssueMaterial', N'AMOrderType', NULL)

INSERT [dbo].[ReleaseChangeHistory] ([CompanyID], [VersionName], [Field], [DataObject], [ChangeType]) VALUES (2, N'24.200.0118', N'MoveCompletedOrders', N'AMOrderType', NULL)

INSERT [dbo].[ReleaseChangeHistory] ([CompanyID], [VersionName], [Field], [DataObject], [ChangeType]) VALUES (2, N'24.200.0118', N'OverCompleteOrders', N'AMOrderType', NULL)

INSERT [dbo].[ReleaseChangeHistory] ([CompanyID], [VersionName], [Field], [DataObject], [ChangeType]) VALUES (2, N'24.200.0118', N'OverlssueMaterial', N'AMOrderType', NULL)

INSERT [dbo].[ReleaseChangeHistory] ([CompanyID], [VersionName], [Field], [DataObject], [ChangeType]) VALUES (2, N'24.200.0118', N'BackflushUnderlssueMaterial ', N'AMOrderType', NULL)

INSERT [dbo].[ReleaseChangeHistory] ([CompanyID], [VersionName], [Field], [DataObject], [ChangeType]) VALUES (2, N'24.200.0118', N'IssueMaterialOnTheFly', N'AMOrderType', NULL)

INSERT [dbo].[ReleaseChangeHistory] ([CompanyID], [VersionName], [Field], [DataObject], [ChangeType]) VALUES (2, N'24.200.0118', N'ParentLotSerialRequired', N'AMOrderType', NULL)

INSERT [dbo].[ReleaseChangeHistory] ([CompanyID], [VersionName], [Field], [DataObject], [ChangeType]) VALUES (2, N'24.200.0118', N'ExceedQtyOperations', N'AMOrderType', NULL)

INSERT [dbo].[ReleaseChangeHistory] ([CompanyID], [VersionName], [Field], [DataObject], [ChangeType]) VALUES (2, N'24.200.0118', N'OvhdType', N'AMOverhead', NULL)

INSERT [dbo].[ReleaseChangeHistory] ([CompanyID], [VersionName], [Field], [DataObject], [ChangeType]) VALUES (2, N'24.200.0118', N'OrdTypeRef', N'AMProdltem', NULL)

INSERT [dbo].[ReleaseChangeHistory] ([CompanyID], [VersionName], [Field], [DataObject], [ChangeType]) VALUES (2, N'24.200.0118', N'StatuslD', N'AMProdltem', NULL)

INSERT [dbo].[ReleaseChangeHistory] ([CompanyID], [VersionName], [Field], [DataObject], [ChangeType]) VALUES (2, N'24.200.0118', N'ScheduleStatus', N'AMProdltem', NULL)

INSERT [dbo].[ReleaseChangeHistory] ([CompanyID], [VersionName], [Field], [DataObject], [ChangeType]) VALUES (2, N'24.200.0118', N'SourceProductionNbr', N'AMProdltem', NULL)

INSERT [dbo].[ReleaseChangeHistory] ([CompanyID], [VersionName], [Field], [DataObject], [ChangeType]) VALUES (2, N'24.200.0118', N'ProdOrdlD', N'AMProdltemSplit', NULL)

INSERT [dbo].[ReleaseChangeHistory] ([CompanyID], [VersionName], [Field], [DataObject], [ChangeType]) VALUES (2, N'24.200.0118', N'ProdOrdID', N'AMProdMatl ', NULL)

INSERT [dbo].[ReleaseChangeHistory] ([CompanyID], [VersionName], [Field], [DataObject], [ChangeType]) VALUES (2, N'24.200.0118', N'ProdOrdID', N'AMProdMatlLotSerial', NULL)

INSERT [dbo].[ReleaseChangeHistory] ([CompanyID], [VersionName], [Field], [DataObject], [ChangeType]) VALUES (2, N'24.200.0118', N'ProdOrdID', N'AMProdMatISpIit ', NULL)

INSERT [dbo].[ReleaseChangeHistory] ([CompanyID], [VersionName], [Field], [DataObject], [ChangeType]) VALUES (2, N'24.200.0118', N'AMProdOrdlD', N'AMProdMatlSplit', NULL)

INSERT [dbo].[ReleaseChangeHistory] ([CompanyID], [VersionName], [Field], [DataObject], [ChangeType]) VALUES (2, N'24.200.0118', N'ProdOrdlD', N'AMProdOper', NULL)

INSERT [dbo].[ReleaseChangeHistory] ([CompanyID], [VersionName], [Field], [DataObject], [ChangeType]) VALUES (2, N'24.200.0118', N'ProdOrdlD', N'AMProdOvhd', NULL)

INSERT [dbo].[ReleaseChangeHistory] ([CompanyID], [VersionName], [Field], [DataObject], [ChangeType]) VALUES (2, N'24.200.0118', N'ProdOrdlD', N'AMProdStep', NULL)

INSERT [dbo].[ReleaseChangeHistory] ([CompanyID], [VersionName], [Field], [DataObject], [ChangeType]) VALUES (2, N'24.200.0118', N'ProdOrdlD', N'AMProdTool', NULL)

INSERT [dbo].[ReleaseChangeHistory] ([CompanyID], [VersionName], [Field], [DataObject], [ChangeType]) VALUES (2, N'24.200.0118', N'ProdOrdlD', N'AMProdTotaI', NULL)

INSERT [dbo].[ReleaseChangeHistory] ([CompanyID], [VersionName], [Field], [DataObject], [ChangeType]) VALUES (2, N'24.200.0118', N'ProdOrdlD', N'AMSchdltem', NULL)

INSERT [dbo].[ReleaseChangeHistory] ([CompanyID], [VersionName], [Field], [DataObject], [ChangeType]) VALUES (2, N'24.200.0118', N'ProdOrdlD', N'AMSchdOper', NULL)

INSERT [dbo].[ReleaseChangeHistory] ([CompanyID], [VersionName], [Field], [DataObject], [ChangeType]) VALUES (2, N'24.200.0118', N'ProdOrdlD', N'AMSchdOperDetail', NULL)

INSERT [dbo].[ReleaseChangeHistory] ([CompanyID], [VersionName], [Field], [DataObject], [ChangeType]) VALUES (2, N'24.200.0118', N'ProdOrdlD', N'AMVendorShipLine', NULL)

INSERT [dbo].[ReleaseChangeHistory] ([CompanyID], [VersionName], [Field], [DataObject], [ChangeType]) VALUES (2, N'24.200.0118', N'ProdOrdlD', N'AMWrkMatl', NULL)

INSERT [dbo].[ReleaseChangeHistory] ([CompanyID], [VersionName], [Field], [DataObject], [ChangeType]) VALUES (2, N'24.200.0118', N'WFStageCD', N'FSWFStage', NULL)

INSERT [dbo].[ReleaseChangeHistory] ([CompanyID], [VersionName], [Field], [DataObject], [ChangeType]) VALUES (2, N'24.200.0118', N'GILineHash', N'GIMLResult', NULL)

INSERT [dbo].[ReleaseChangeHistory] ([CompanyID], [VersionName], [Field], [DataObject], [ChangeType]) VALUES (2, N'24.200.0118', N'ExpectedValue', N'GIMLResult', NULL)

INSERT [dbo].[ReleaseChangeHistory] ([CompanyID], [VersionName], [Field], [DataObject], [ChangeType]) VALUES (2, N'24.200.0118', N'EndCost', N'INItemSiteHistByCostCenterD ', NULL)

INSERT [dbo].[ReleaseChangeHistory] ([CompanyID], [VersionName], [Field], [DataObject], [ChangeType]) VALUES (2, N'24.200.0118', N'AMProdOrdlD ', N'INTran', NULL)

INSERT [dbo].[ReleaseChangeHistory] ([CompanyID], [VersionName], [Field], [DataObject], [ChangeType]) VALUES (2, N'24.200.0118', N'AMProdOrdlD ', N'SOLine', NULL)

INSERT [dbo].[ReleaseChangeHistory] ([CompanyID], [VersionName], [Field], [DataObject], [ChangeType]) VALUES (2, N'24.200.0118', N'AMProdOrdlD', N'SOLineSplit', NULL)

INSERT [dbo].[ReleaseChangeHistory] ([CompanyID], [VersionName], [Field], [DataObject], [ChangeType]) VALUES (2, N'24.207.0011', NULL, N'AMCalendarBreakTime', N'Removed')

INSERT [dbo].[ReleaseChangeHistory] ([CompanyID], [VersionName], [Field], [DataObject], [ChangeType]) VALUES (2, N'24.207.0011', NULL, N'DashAMChartDescrip?on', N'Removed')

INSERT [dbo].[ReleaseChangeHistory] ([CompanyID], [VersionName], [Field], [DataObject], [ChangeType]) VALUES (2, N'24.207.0011', NULL, N'DashChartDescrip?on', N'Removed')

INSERT [dbo].[ReleaseChangeHistory] ([CompanyID], [VersionName], [Field], [DataObject], [ChangeType]) VALUES (2, N'24.207.0011', NULL, N'DashDefini?on', N'Removed')

INSERT [dbo].[ReleaseChangeHistory] ([CompanyID], [VersionName], [Field], [DataObject], [ChangeType]) VALUES (2, N'24.207.0011', NULL, N'DashDescrip?on', N'Removed')

INSERT [dbo].[ReleaseChangeHistory] ([CompanyID], [VersionName], [Field], [DataObject], [ChangeType]) VALUES (2, N'24.207.0011', NULL, N'DashPosi?on', N'Removed')

INSERT [dbo].[ReleaseChangeHistory] ([CompanyID], [VersionName], [Field], [DataObject], [ChangeType]) VALUES (2, N'24.207.0011', NULL, N'GLVoucher', N'Removed')

INSERT [dbo].[ReleaseChangeHistory] ([CompanyID], [VersionName], [Field], [DataObject], [ChangeType]) VALUES (2, N'24.207.0011', NULL, N'GLVoucherBatch', N'Removed')

INSERT [dbo].[ReleaseChangeHistory] ([CompanyID], [VersionName], [Field], [DataObject], [ChangeType]) VALUES (2, N'24.207.0011', NULL, N'GLWorkBook', N'Removed')

INSERT [dbo].[ReleaseChangeHistory] ([CompanyID], [VersionName], [Field], [DataObject], [ChangeType]) VALUES (2, N'24.207.0011', NULL, N'PMAlloca?onStep', N'Removed')

INSERT [dbo].[ReleaseChangeHistory] ([CompanyID], [VersionName], [Field], [DataObject], [ChangeType]) VALUES (2, N'24.207.0011', NULL, N'PMCostCenter', N'Removed')

INSERT [dbo].[ReleaseChangeHistory] ([CompanyID], [VersionName], [Field], [DataObject], [ChangeType]) VALUES (2, N'24.207.0011', NULL, N'PMDetail', N'Removed')

INSERT [dbo].[ReleaseChangeHistory] ([CompanyID], [VersionName], [Field], [DataObject], [ChangeType]) VALUES (2, N'24.207.0011', NULL, N'PortalISVMap', N'Removed')

INSERT [dbo].[ReleaseChangeHistory] ([CompanyID], [VersionName], [Field], [DataObject], [ChangeType]) VALUES (2, N'24.207.0011', NULL, N'RUTROT', N'Removed')

INSERT [dbo].[ReleaseChangeHistory] ([CompanyID], [VersionName], [Field], [DataObject], [ChangeType]) VALUES (2, N'24.207.0011', NULL, N'RUTROTDistribu?on', N'Removed')

INSERT [dbo].[ReleaseChangeHistory] ([CompanyID], [VersionName], [Field], [DataObject], [ChangeType]) VALUES (2, N'24.207.0011', NULL, N'RUTROTSetup', N'Removed')

INSERT [dbo].[ReleaseChangeHistory] ([CompanyID], [VersionName], [Field], [DataObject], [ChangeType]) VALUES (2, N'24.207.0011', NULL, N'RUTROTWorkType', N'Removed')

INSERT [dbo].[ReleaseChangeHistory] ([CompanyID], [VersionName], [Field], [DataObject], [ChangeType]) VALUES (2, N'24.207.0011', N'DupinvBOM  ', N'AMBSetup', N'Removed')

INSERT [dbo].[ReleaseChangeHistory] ([CompanyID], [VersionName], [Field], [DataObject], [ChangeType]) VALUES (2, N'24.207.0011', N'DuplnvOper', N'AMBSetup', N'Removed')

INSERT [dbo].[ReleaseChangeHistory] ([CompanyID], [VersionName], [Field], [DataObject], [ChangeType]) VALUES (2, N'24.207.0011', N'MultDiv', N'AMClockltem', N'Removed')

INSERT [dbo].[ReleaseChangeHistory] ([CompanyID], [VersionName], [Field], [DataObject], [ChangeType]) VALUES (2, N'24.207.0011', N'MultDiv', N'AMProdltem', N'Removed')

INSERT [dbo].[ReleaseChangeHistory] ([CompanyID], [VersionName], [Field], [DataObject], [ChangeType]) VALUES (2, N'24.207.0011', N'SchdConst', N'AMProdItem', N'Removed')

INSERT [dbo].[ReleaseChangeHistory] ([CompanyID], [VersionName], [Field], [DataObject], [ChangeType]) VALUES (2, N'24.207.0011', N'PlanOrderType', N'AMRPDetail', N'Removed')

INSERT [dbo].[ReleaseChangeHistory] ([CompanyID], [VersionName], [Field], [DataObject], [ChangeType]) VALUES (2, N'24.207.0011', N'PlanOrderNbr', N'AMRPDetail', N'Removed')

INSERT [dbo].[ReleaseChangeHistory] ([CompanyID], [VersionName], [Field], [DataObject], [ChangeType]) VALUES (2, N'24.207.0011', N'SchdConst', N'AMSchdltem', N'Removed')

INSERT [dbo].[ReleaseChangeHistory] ([CompanyID], [VersionName], [Field], [DataObject], [ChangeType]) VALUES (2, N'24.207.0011', N'SchdConst', N'AMSchdOper', N'Removed')

INSERT [dbo].[ReleaseChangeHistory] ([CompanyID], [VersionName], [Field], [DataObject], [ChangeType]) VALUES (2, N'24.207.0011', N'LineType', N'AMVendorShipLineSplit', N'Removed')

INSERT [dbo].[ReleaseChangeHistory] ([CompanyID], [VersionName], [Field], [DataObject], [ChangeType]) VALUES (2, N'24.207.0011', N'DepositDate', N'APPayment', N'Removed')

INSERT [dbo].[ReleaseChangeHistory] ([CompanyID], [VersionName], [Field], [DataObject], [ChangeType]) VALUES (2, N'24.207.0011', N'PPDCrMemoRefNbr', N'ARAdjust', N'Removed')

INSERT [dbo].[ReleaseChangeHistory] ([CompanyID], [VersionName], [Field], [DataObject], [ChangeType]) VALUES (2, N'24.207.0011', N'IsRUTROTDeductible', N'ARInvoice', N'Removed')

INSERT [dbo].[ReleaseChangeHistory] ([CompanyID], [VersionName], [Field], [DataObject], [ChangeType]) VALUES (2, N'24.207.0011', N'DepositDate', N'ARPayment', N'Removed')

INSERT [dbo].[ReleaseChangeHistory] ([CompanyID], [VersionName], [Field], [DataObject], [ChangeType]) VALUES (2, N'24.207.0011', N'ISRUTROTPayment', N'ARPayment', N'Removed')

INSERT [dbo].[ReleaseChangeHistory] ([CompanyID], [VersionName], [Field], [DataObject], [ChangeType]) VALUES (2, N'24.207.0011', N'IsRUTROTDeductible', N'ARTran', N'Removed')

INSERT [dbo].[ReleaseChangeHistory] ([CompanyID], [VersionName], [Field], [DataObject], [ChangeType]) VALUES (2, N'24.207.0011', N'RUTROTWorkType', N'ARTran', N'Removed')

INSERT [dbo].[ReleaseChangeHistory] ([CompanyID], [VersionName], [Field], [DataObject], [ChangeType]) VALUES (2, N'24.207.0011', N'RUTROTWorkTypelD', N'ARTran', N'Removed')

INSERT [dbo].[ReleaseChangeHistory] ([CompanyID], [VersionName], [Field], [DataObject], [ChangeType]) VALUES (2, N'24.207.0011', N'RUTROTItemType', N'ARTran', N'Removed')

INSERT [dbo].[ReleaseChangeHistory] ([CompanyID], [VersionName], [Field], [DataObject], [ChangeType]) VALUES (2, N'24.207.0011', N'CuryRUTROTAvailableAmt', N'ARTran', N'Removed')

INSERT [dbo].[ReleaseChangeHistory] ([CompanyID], [VersionName], [Field], [DataObject], [ChangeType]) VALUES (2, N'24.207.0011', N'CuryRUTROTTaxAmountDeductible', N'ARTran', N'Removed')

INSERT [dbo].[ReleaseChangeHistory] ([CompanyID], [VersionName], [Field], [DataObject], [ChangeType]) VALUES (2, N'24.207.0011', N'RUTROTAvailableAmt', N'ARTran', N'Removed')

INSERT [dbo].[ReleaseChangeHistory] ([CompanyID], [VersionName], [Field], [DataObject], [ChangeType]) VALUES (2, N'24.207.0011', N'RUTROTTaxAmountDeductible', N'ARTran', N'Removed')

INSERT [dbo].[ReleaseChangeHistory] ([CompanyID], [VersionName], [Field], [DataObject], [ChangeType]) VALUES (2, N'24.207.0011', N'AllowsRUTROT', N'Branch', N'Removed')

INSERT [dbo].[ReleaseChangeHistory] ([CompanyID], [VersionName], [Field], [DataObject], [ChangeType]) VALUES (2, N'24.207.0011', N'RUTROTDeductionPct', N'Branch', N'Removed')

INSERT [dbo].[ReleaseChangeHistory] ([CompanyID], [VersionName], [Field], [DataObject], [ChangeType]) VALUES (2, N'24.207.0011', N'RUTROTPersonalAllowanceLimit', N'Branch', N'Removed')

INSERT [dbo].[ReleaseChangeHistory] ([CompanyID], [VersionName], [Field], [DataObject], [ChangeType]) VALUES (2, N'24.207.0011', N'RUTDeductionPct', N'Branch', N'Removed')

INSERT [dbo].[ReleaseChangeHistory] ([CompanyID], [VersionName], [Field], [DataObject], [ChangeType]) VALUES (2, N'24.207.0011', N'RUTPersonalAllowanceLimit', N'Branch', N'Removed')

INSERT [dbo].[ReleaseChangeHistory] ([CompanyID], [VersionName], [Field], [DataObject], [ChangeType]) VALUES (2, N'24.207.0011', N'RUTExtraAllowanceLimit', N'Branch', N'Removed')

INSERT [dbo].[ReleaseChangeHistory] ([CompanyID], [VersionName], [Field], [DataObject], [ChangeType]) VALUES (2, N'24.207.0011', N'ROTDeductionPct', N'Branch', N'Removed')

INSERT [dbo].[ReleaseChangeHistory] ([CompanyID], [VersionName], [Field], [DataObject], [ChangeType]) VALUES (2, N'24.207.0011', N'ROTPersonalAllowanceLimit', N'Branch', N'Removed')

INSERT [dbo].[ReleaseChangeHistory] ([CompanyID], [VersionName], [Field], [DataObject], [ChangeType]) VALUES (2, N'24.207.0011', N'ROTExtraAllowanceLimit', N'Branch', N'Removed')

INSERT [dbo].[ReleaseChangeHistory] ([CompanyID], [VersionName], [Field], [DataObject], [ChangeType]) VALUES (2, N'24.207.0011', N'RUTROTCuryID', N'Branch', N'Removed')

INSERT [dbo].[ReleaseChangeHistory] ([CompanyID], [VersionName], [Field], [DataObject], [ChangeType]) VALUES (2, N'24.207.0011', N'RUTROTClaimNextRefNbr', N'Branch', N'Removed')

INSERT [dbo].[ReleaseChangeHistory] ([CompanyID], [VersionName], [Field], [DataObject], [ChangeType]) VALUES (2, N'24.207.0011', N'RUTROTOrgNbrValidRegEx', N'Branch', N'Removed')

INSERT [dbo].[ReleaseChangeHistory] ([CompanyID], [VersionName], [Field], [DataObject], [ChangeType]) VALUES (2, N'24.207.0011', N'DefaultRUTROTType TaxAgencyAccountID', N'Branch', N'Removed')

INSERT [dbo].[ReleaseChangeHistory] ([CompanyID], [VersionName], [Field], [DataObject], [ChangeType]) VALUES (2, N'24.207.0011', N'TaxAgencyAccountID', N'Branch', N'Removed')

INSERT [dbo].[ReleaseChangeHistory] ([CompanyID], [VersionName], [Field], [DataObject], [ChangeType]) VALUES (2, N'24.207.0011', N'BalanceOnProcess', N'Branch', N'Removed')

INSERT [dbo].[ReleaseChangeHistory] ([CompanyID], [VersionName], [Field], [DataObject], [ChangeType]) VALUES (2, N'24.207.0011', N'DepositDate', N'CAAdj', N'Removed')

INSERT [dbo].[ReleaseChangeHistory] ([CompanyID], [VersionName], [Field], [DataObject], [ChangeType]) VALUES (2, N'24.207.0011', N'SLAETA', N'CRCase', N'Removed')

INSERT [dbo].[ReleaseChangeHistory] ([CompanyID], [VersionName], [Field], [DataObject], [ChangeType]) VALUES (2, N'24.207.0011', N'TimeReaction', N'CRClassSeverity Time', N'Removed')

INSERT [dbo].[ReleaseChangeHistory] ([CompanyID], [VersionName], [Field], [DataObject], [ChangeType]) VALUES (2, N'24.207.0011', N'RutRotDeduction', N'FeaturesSet', N'Removed')

INSERT [dbo].[ReleaseChangeHistory] ([CompanyID], [VersionName], [Field], [DataObject], [ChangeType]) VALUES (2, N'24.207.0011', N'GLWorkBooks', N'FeaturesSet', N'Removed')

INSERT [dbo].[ReleaseChangeHistory] ([CompanyID], [VersionName], [Field], [DataObject], [ChangeType]) VALUES (2, N'24.207.0011', N'ISRUTROTDeductible', N'Inventoryltem', N'Removed')

INSERT [dbo].[ReleaseChangeHistory] ([CompanyID], [VersionName], [Field], [DataObject], [ChangeType]) VALUES (2, N'24.207.0011', N'RUTROTWorkType', N'Inventoryltem', N'Removed')

INSERT [dbo].[ReleaseChangeHistory] ([CompanyID], [VersionName], [Field], [DataObject], [ChangeType]) VALUES (2, N'24.207.0011', N'RUTROTWorkTypelD', N'Inventoryltem', N'Removed')

INSERT [dbo].[ReleaseChangeHistory] ([CompanyID], [VersionName], [Field], [DataObject], [ChangeType]) VALUES (2, N'24.207.0011', N'RUTROTItemType', N'Inventoryltem', N'Removed')

INSERT [dbo].[ReleaseChangeHistory] ([CompanyID], [VersionName], [Field], [DataObject], [ChangeType]) VALUES (2, N'24.207.0011', N'RUTROTType', N'Inventoryltem', N'Removed')

INSERT [dbo].[ReleaseChangeHistory] ([CompanyID], [VersionName], [Field], [DataObject], [ChangeType]) VALUES (2, N'24.207.0011', N'CompanyWarrantyValue', N'Inventoryltem', N'Removed')

INSERT [dbo].[ReleaseChangeHistory] ([CompanyID], [VersionName], [Field], [DataObject], [ChangeType]) VALUES (2, N'24.207.0011', N'CompanyWarrantyType', N'Inventoryltem', N'Removed')

INSERT [dbo].[ReleaseChangeHistory] ([CompanyID], [VersionName], [Field], [DataObject], [ChangeType]) VALUES (2, N'24.207.0011', N'OrganizationGroupID', N'Organization', N'Removed')

INSERT [dbo].[ReleaseChangeHistory] ([CompanyID], [VersionName], [Field], [DataObject], [ChangeType]) VALUES (2, N'24.207.0011', N'AllowsRUTROT', N'Organization', N'Removed')

INSERT [dbo].[ReleaseChangeHistory] ([CompanyID], [VersionName], [Field], [DataObject], [ChangeType]) VALUES (2, N'24.207.0011', N'RUTROTDeductionPct', N'Organization', N'Removed')

INSERT [dbo].[ReleaseChangeHistory] ([CompanyID], [VersionName], [Field], [DataObject], [ChangeType]) VALUES (2, N'24.207.0011', N'RUTROTPersonalAllowanceLimit', N'Organization', N'Removed')

INSERT [dbo].[ReleaseChangeHistory] ([CompanyID], [VersionName], [Field], [DataObject], [ChangeType]) VALUES (2, N'24.207.0011', N'RUTDeductionPct', N'Organization', N'Removed')

INSERT [dbo].[ReleaseChangeHistory] ([CompanyID], [VersionName], [Field], [DataObject], [ChangeType]) VALUES (2, N'24.207.0011', N'RUTPersonalAllowanceLimit', N'Organization', N'Removed')

INSERT [dbo].[ReleaseChangeHistory] ([CompanyID], [VersionName], [Field], [DataObject], [ChangeType]) VALUES (2, N'24.207.0011', N'RUTExtraAllowanceLimit', N'Organization', N'Removed')

INSERT [dbo].[ReleaseChangeHistory] ([CompanyID], [VersionName], [Field], [DataObject], [ChangeType]) VALUES (2, N'24.207.0011', N'ROTDeductionPct', N'Organization', N'Removed')

INSERT [dbo].[ReleaseChangeHistory] ([CompanyID], [VersionName], [Field], [DataObject], [ChangeType]) VALUES (2, N'24.207.0011', N'ROTPersonalAllowanceLimit', N'Organization', N'Removed')

INSERT [dbo].[ReleaseChangeHistory] ([CompanyID], [VersionName], [Field], [DataObject], [ChangeType]) VALUES (2, N'24.207.0011', N'ROTExtraAllowanceLimit', N'Organization', N'Removed')

INSERT [dbo].[ReleaseChangeHistory] ([CompanyID], [VersionName], [Field], [DataObject], [ChangeType]) VALUES (2, N'24.207.0011', N'RUTROTCurylD', N'Organization', N'Removed')

INSERT [dbo].[ReleaseChangeHistory] ([CompanyID], [VersionName], [Field], [DataObject], [ChangeType]) VALUES (2, N'24.207.0011', N'RUTROTClaimNextRefNbr', N'Organization', N'Removed')

INSERT [dbo].[ReleaseChangeHistory] ([CompanyID], [VersionName], [Field], [DataObject], [ChangeType]) VALUES (2, N'24.207.0011', N'RUTROTOrgNbrValidRegEx', N'Organization', N'Removed')

INSERT [dbo].[ReleaseChangeHistory] ([CompanyID], [VersionName], [Field], [DataObject], [ChangeType]) VALUES (2, N'24.207.0011', N'DefaultRUTROTType ', N'Organization', N'Removed')

INSERT [dbo].[ReleaseChangeHistory] ([CompanyID], [VersionName], [Field], [DataObject], [ChangeType]) VALUES (2, N'24.207.0011', N'TaxAgencyAccountID', N'Organization', N'Removed')

INSERT [dbo].[ReleaseChangeHistory] ([CompanyID], [VersionName], [Field], [DataObject], [ChangeType]) VALUES (2, N'24.207.0011', N'IsPayingCarryover', N'PREarningDetail', N'Removed')

INSERT [dbo].[ReleaseChangeHistory] ([CompanyID], [VersionName], [Field], [DataObject], [ChangeType]) VALUES (2, N'24.207.0011', N'UsePTOBanksFromClass', N'PREmployee', N'Removed')

INSERT [dbo].[ReleaseChangeHistory] ([CompanyID], [VersionName], [Field], [DataObject], [ChangeType]) VALUES (2, N'24.207.0011', N'AccrualMethod', N'PREmployeeClassPTOBank', N'Removed')

INSERT [dbo].[ReleaseChangeHistory] ([CompanyID], [VersionName], [Field], [DataObject], [ChangeType]) VALUES (2, N'24.207.0011', N'Carryoverlype', N'PREmployeeClassPTOBank', N'Removed')

INSERT [dbo].[ReleaseChangeHistory] ([CompanyID], [VersionName], [Field], [DataObject], [ChangeType]) VALUES (2, N'24.207.0011', N'DisbursingType', N'PREmployeeClassPTOBank', N'Removed')

INSERT [dbo].[ReleaseChangeHistory] ([CompanyID], [VersionName], [Field], [DataObject], [ChangeType]) VALUES (2, N'24.207.0011', N'UseClassDefault', N'PREmployeeClassPTOBank', N'Removed')

INSERT [dbo].[ReleaseChangeHistory] ([CompanyID], [VersionName], [Field], [DataObject], [ChangeType]) VALUES (2, N'24.207.0011', N'AutoPayCarryover', N'PRPayment', N'Removed')

INSERT [dbo].[ReleaseChangeHistory] ([CompanyID], [VersionName], [Field], [DataObject], [ChangeType]) VALUES (2, N'24.207.0011', N'ProcessedPaidCarryover', N'PRPaymentPTOBank', N'Removed')

INSERT [dbo].[ReleaseChangeHistory] ([CompanyID], [VersionName], [Field], [DataObject], [ChangeType]) VALUES (2, N'24.207.0011', N'PaidCarryoverAmount', N'PRPaymentPTOBank', N'Removed')

INSERT [dbo].[ReleaseChangeHistory] ([CompanyID], [VersionName], [Field], [DataObject], [ChangeType]) VALUES (2, N'24.207.0011', N'AccrualRate', N'PRPTOBank', N'Removed')

INSERT [dbo].[ReleaseChangeHistory] ([CompanyID], [VersionName], [Field], [DataObject], [ChangeType]) VALUES (2, N'24.207.0011', N'HoursPerYear', N'PRPTOBank', N'Removed')

INSERT [dbo].[ReleaseChangeHistory] ([CompanyID], [VersionName], [Field], [DataObject], [ChangeType]) VALUES (2, N'24.207.0011', N'AccrualLimit', N'PRPTOBank', N'Removed')

INSERT [dbo].[ReleaseChangeHistory] ([CompanyID], [VersionName], [Field], [DataObject], [ChangeType]) VALUES (2, N'24.207.0011', N'CarryoverAmount', N'PRPTOBank', N'Removed')

INSERT [dbo].[ReleaseChangeHistory] ([CompanyID], [VersionName], [Field], [DataObject], [ChangeType]) VALUES (2, N'24.207.0011', N'FrontLoadingAmount', N'PRPTOBank', N'Removed')

INSERT [dbo].[ReleaseChangeHistory] ([CompanyID], [VersionName], [Field], [DataObject], [ChangeType]) VALUES (2, N'24.207.0011', N'CarryoverPayMonthLimit', N'PRPTOBank', N'Removed')

INSERT [dbo].[ReleaseChangeHistory] ([CompanyID], [VersionName], [Field], [DataObject], [ChangeType]) VALUES (2, N'24.207.0011', N'IsRUTROTDeductible', N'SOLine', N'Removed')

INSERT [dbo].[ReleaseChangeHistory] ([CompanyID], [VersionName], [Field], [DataObject], [ChangeType]) VALUES (2, N'24.207.0011', N'RUTROTWorkType', N'SOLine', N'Removed')

INSERT [dbo].[ReleaseChangeHistory] ([CompanyID], [VersionName], [Field], [DataObject], [ChangeType]) VALUES (2, N'24.207.0011', N'RUTROTWorkTypelD', N'SOLine', N'Removed')

INSERT [dbo].[ReleaseChangeHistory] ([CompanyID], [VersionName], [Field], [DataObject], [ChangeType]) VALUES (2, N'24.207.0011', N'RUTROTItem Type', N'SOLine', N'Removed')

INSERT [dbo].[ReleaseChangeHistory] ([CompanyID], [VersionName], [Field], [DataObject], [ChangeType]) VALUES (2, N'24.207.0011', N'CuryRUTROTAvailableAmt*', N'SOLine', N'Removed')

INSERT [dbo].[ReleaseChangeHistory] ([CompanyID], [VersionName], [Field], [DataObject], [ChangeType]) VALUES (2, N'24.207.0011', N'CuryRUTROTTaxAmountDeductible', N'SOLine', N'Removed')

INSERT [dbo].[ReleaseChangeHistory] ([CompanyID], [VersionName], [Field], [DataObject], [ChangeType]) VALUES (2, N'24.207.0011', N'RUTROTAvailableAmt', N'SOLine', N'Removed')

INSERT [dbo].[ReleaseChangeHistory] ([CompanyID], [VersionName], [Field], [DataObject], [ChangeType]) VALUES (2, N'24.207.0011', N'RUTROTTaxAmountDeductible', N'SOLine', N'Removed')

INSERT [dbo].[ReleaseChangeHistory] ([CompanyID], [VersionName], [Field], [DataObject], [ChangeType]) VALUES (2, N'24.207.0011', N'IsRUTROTDeductible', N'SOOrder', N'Removed')

INSERT [dbo].[ReleaseChangeHistory] ([CompanyID], [VersionName], [Field], [DataObject], [ChangeType]) VALUES (2, N'24.207.0011', N'Condition', N'AMConfigResultsRule', N'Modified')

INSERT [dbo].[ReleaseChangeHistory] ([CompanyID], [VersionName], [Field], [DataObject], [ChangeType]) VALUES (2, N'24.207.0011', N'Condition', N'AMConfigurationRule', N'Modified')

INSERT [dbo].[ReleaseChangeHistory] ([CompanyID], [VersionName], [Field], [DataObject], [ChangeType]) VALUES (2, N'24.207.0011', N'OvhdType', N'AMEstimateOvhd', N'Modified')

INSERT [dbo].[ReleaseChangeHistory] ([CompanyID], [VersionName], [Field], [DataObject], [ChangeType]) VALUES (2, N'24.207.0011', N'Interval', N'AMForecast', N'Modified')

INSERT [dbo].[ReleaseChangeHistory] ([CompanyID], [VersionName], [Field], [DataObject], [ChangeType]) VALUES (2, N'24.207.0011', N'LaborType', N'AMLaborCode', N'Modified')

INSERT [dbo].[ReleaseChangeHistory] ([CompanyID], [VersionName], [Field], [DataObject], [ChangeType]) VALUES (2, N'24.207.0011', N'LaborType', N'AMMTran', N'Modified')

INSERT [dbo].[ReleaseChangeHistory] ([CompanyID], [VersionName], [Field], [DataObject], [ChangeType]) VALUES (2, N'24.207.0011', N'Source', N'AMOrderCrossRef', N'Modified')

INSERT [dbo].[ReleaseChangeHistory] ([CompanyID], [VersionName], [Field], [DataObject], [ChangeType]) VALUES (2, N'24.207.0011', N'Under|ssueMaterial', N'AMOrderType', N'Modified')

INSERT [dbo].[ReleaseChangeHistory] ([CompanyID], [VersionName], [Field], [DataObject], [ChangeType]) VALUES (2, N'24.207.0011', N'MoveCompletedOrders', N'AMOrderType', N'Modified')

INSERT [dbo].[ReleaseChangeHistory] ([CompanyID], [VersionName], [Field], [DataObject], [ChangeType]) VALUES (2, N'24.207.0011', N'OverCompleteOrders', N'AMOrderType', N'Modified')

INSERT [dbo].[ReleaseChangeHistory] ([CompanyID], [VersionName], [Field], [DataObject], [ChangeType]) VALUES (2, N'24.207.0011', N'OverlssueMaterial', N'AMOrderType', N'Modified')

INSERT [dbo].[ReleaseChangeHistory] ([CompanyID], [VersionName], [Field], [DataObject], [ChangeType]) VALUES (2, N'24.207.0011', N'BackflushUnder|ssueMaterial', N'AMOrderType', N'Modified')

INSERT [dbo].[ReleaseChangeHistory] ([CompanyID], [VersionName], [Field], [DataObject], [ChangeType]) VALUES (2, N'24.207.0011', N'IssueMaterialOnTheFly', N'AMOrderType', N'Modified')

INSERT [dbo].[ReleaseChangeHistory] ([CompanyID], [VersionName], [Field], [DataObject], [ChangeType]) VALUES (2, N'24.207.0011', N'ParentLotSerialRequired', N'AMOrderType', N'Modified')

INSERT [dbo].[ReleaseChangeHistory] ([CompanyID], [VersionName], [Field], [DataObject], [ChangeType]) VALUES (2, N'24.207.0011', N'ExceedQtyOperations', N'AMOrderType', N'Modified')

INSERT [dbo].[ReleaseChangeHistory] ([CompanyID], [VersionName], [Field], [DataObject], [ChangeType]) VALUES (2, N'24.207.0011', N'Ohd Type', N'AMOverhead', N'Modified')

INSERT [dbo].[ReleaseChangeHistory] ([CompanyID], [VersionName], [Field], [DataObject], [ChangeType]) VALUES (2, N'24.207.0011', N'OrdTypeRef', N'AMProdItem', N'Modified')

INSERT [dbo].[ReleaseChangeHistory] ([CompanyID], [VersionName], [Field], [DataObject], [ChangeType]) VALUES (2, N'24.207.0011', N'StatusID', N'AMProdItem', N'Modified')

INSERT [dbo].[ReleaseChangeHistory] ([CompanyID], [VersionName], [Field], [DataObject], [ChangeType]) VALUES (2, N'24.207.0011', N'ScheduleStatus', N'AMProdItem', N'Modified')

INSERT [dbo].[ReleaseChangeHistory] ([CompanyID], [VersionName], [Field], [DataObject], [ChangeType]) VALUES (2, N'24.207.0011', N'ParentLotSerialRequired', N'AMProditem', N'Modified')

INSERT [dbo].[ReleaseChangeHistory] ([CompanyID], [VersionName], [Field], [DataObject], [ChangeType]) VALUES (2, N'24.207.0011', N'StatusID', N'AMProditemSplit', N'Modified')

INSERT [dbo].[ReleaseChangeHistory] ([CompanyID], [VersionName], [Field], [DataObject], [ChangeType]) VALUES (2, N'24.207.0011', N'StatusID', N'AMProdMatl', N'Modified')

INSERT [dbo].[ReleaseChangeHistory] ([CompanyID], [VersionName], [Field], [DataObject], [ChangeType]) VALUES (2, N'24.207.0011', N'StatusID', N'AMProdOper', N'Modified')

INSERT [dbo].[ReleaseChangeHistory] ([CompanyID], [VersionName], [Field], [DataObject], [ChangeType]) VALUES (2, N'24.207.0011', N'DfltLbrRate', N'AMPSetup AMRPDetail', N'Modified')

INSERT [dbo].[ReleaseChangeHistory] ([CompanyID], [VersionName], [Field], [DataObject], [ChangeType]) VALUES (2, N'24.207.0011', N'SDFlag', N'AMRPDetailFP', N'Modified')

INSERT [dbo].[ReleaseChangeHistory] ([CompanyID], [VersionName], [Field], [DataObject], [ChangeType]) VALUES (2, N'24.207.0011', N'PlanType', N'AMRPDetailPlan', N'Modified')

INSERT [dbo].[ReleaseChangeHistory] ([CompanyID], [VersionName], [Field], [DataObject], [ChangeType]) VALUES (2, N'24.207.0011', N'Plan Type', N'AMRPDetailPlan', N'Modified')

INSERT [dbo].[ReleaseChangeHistory] ([CompanyID], [VersionName], [Field], [DataObject], [ChangeType]) VALUES (2, N'24.207.0011', N'SDFlag', N'AMRPExceptions', N'Modified')

INSERT [dbo].[ReleaseChangeHistory] ([CompanyID], [VersionName], [Field], [DataObject], [ChangeType]) VALUES (2, N'24.207.0011', N'Type', N'AMRPPlan', N'Modified')

INSERT [dbo].[ReleaseChangeHistory] ([CompanyID], [VersionName], [Field], [DataObject], [ChangeType]) VALUES (2, N'24.207.0011', N'SDFlag', N'AMSchdItem', N'Modified')

INSERT [dbo].[ReleaseChangeHistory] ([CompanyID], [VersionName], [Field], [DataObject], [ChangeType]) VALUES (2, N'24.207.0011', N'ScheduleStatus', N'AMSchdOper', N'Modified')

INSERT [dbo].[ReleaseChangeHistory] ([CompanyID], [VersionName], [Field], [DataObject], [ChangeType]) VALUES (2, N'24.207.0011', N'StatusID', N'AMWC', N'Modified')

INSERT [dbo].[ReleaseChangeHistory] ([CompanyID], [VersionName], [Field], [DataObject], [ChangeType]) VALUES (2, N'24.207.0011', N'WcBasis', N'CRGrams', N'Modified')

INSERT [dbo].[ReleaseChangeHistory] ([CompanyID], [VersionName], [Field], [DataObject], [ChangeType]) VALUES (2, N'24.207.0011', N'FieldValue', N'HSSyncRecord', N'Modified')

INSERT [dbo].[ReleaseChangeHistory] ([CompanyID], [VersionName], [Field], [DataObject], [ChangeType]) VALUES (2, N'24.207.0011', N'LastErrorMessage', N'HSSyncRecord', N'Modified')

INSERT [dbo].[ReleaseChangeHistory] ([CompanyID], [VersionName], [Field], [DataObject], [ChangeType]) VALUES (2, N'24.207.0011', N'LastErrorMessageSimplified', N'PREmployeeClassPTOBank', N'Modified')

INSERT [dbo].[ReleaseChangeHistory] ([CompanyID], [VersionName], [Field], [DataObject], [ChangeType]) VALUES (2, N'24.207.0011', N'BankID', N'PREmployeePTOBank', N'Modified')

INSERT [dbo].[ReleaseChangeHistory] ([CompanyID], [VersionName], [Field], [DataObject], [ChangeType]) VALUES (2, N'24.207.0011', N'BankID', N'PREmployeePTOHistory', N'Modified')

INSERT [dbo].[ReleaseChangeHistory] ([CompanyID], [VersionName], [Field], [DataObject], [ChangeType]) VALUES (2, N'24.207.0011', N'BankID', N'PRPaymentPTOBank', N'Modified')

INSERT [dbo].[ReleaseChangeHistory] ([CompanyID], [VersionName], [Field], [DataObject], [ChangeType]) VALUES (2, N'24.207.0011', N'BankID', N'PRPTOBank', N'Modified')

INSERT [dbo].[ReleaseChangeHistory] ([CompanyID], [VersionName], [Field], [DataObject], [ChangeType]) VALUES (2, N'24.207.0011', N'BankID', N'PRPTODetail', N'Modified')

INSERT [dbo].[ReleaseChangeHistory] ([CompanyID], [VersionName], [Field], [DataObject], [ChangeType]) VALUES (2, N'24.207.0011', N'BankID', N'SFSyncRecord', N'Modified')

INSERT [dbo].[ReleaseChangeHistory] ([CompanyID], [VersionName], [Field], [DataObject], [ChangeType]) VALUES (2, N'24.207.0011', N'LastErrorMessage', N'TranslationHistory', N'Modified')

INSERT [dbo].[ReleaseChangeHistory] ([CompanyID], [VersionName], [Field], [DataObject], [ChangeType]) VALUES (2, N'24.207.0011', N'ReferenceNbr ReferenceNbr', N'TranslationHistoryDetails', N'Modified')]]></CDATA>
    </Sql>
    <Sql TableName="SimulateUpgrade" CustomScript="#CDATA">
        <CDATA name="CustomScript"><![CDATA[
INSERT INTO [dbo].[VersionHistory]
           ([DatabaseID]
           ,[ComponentName]
           ,[ComponentType]
           ,[Version]
           ,[Date]
           ,[Hash]
           ,[Altered])
     VALUES
           (1,	'Application',	'P'	, '24.201.0052', 	'2024-10-22 12:39:14.153',	540,	NULL)]]></CDATA>
    </Sql>
    <Sql TableName="VersionHistoryTableAndTrigger" CustomScript="#CDATA">
        <CDATA name="CustomScript"><![CDATA[
/****** Object:  Table [dbo].[VersionHistory]    Script Date: 1/25/2025 8:28:35 PM ******/
SET ANSI_NULLS ON
GO

SET QUOTED_IDENTIFIER ON
GO

IF OBJECT_ID('VersionHistory', 'U') IS NULL
BEGIN

	CREATE TABLE [dbo].[VersionHistory](
		[VersionAuditID] [int] IDENTITY(1,1) NOT NULL,
		[DatabaseID] [int] NOT NULL,
		[ComponentName] [varchar](100) NOT NULL,
		[ComponentType] [varchar](1) NOT NULL,
		[Version] [varchar](20) NOT NULL,
		[Date] [datetime] NULL,
		[Hash] [int] NULL,
		[Altered] [datetime] NULL,
	 CONSTRAINT [VersionHistory_PK] PRIMARY KEY CLUSTERED 
	(
		[VersionAuditID] ASC,
		[DatabaseID] ASC,
		[ComponentName] ASC
	)WITH (PAD_INDEX = OFF, STATISTICS_NORECOMPUTE = OFF, IGNORE_DUP_KEY = OFF, ALLOW_ROW_LOCKS = ON, ALLOW_PAGE_LOCKS = ON, OPTIMIZE_FOR_SEQUENTIAL_KEY = OFF) ON [PRIMARY]
	) ON [PRIMARY]

END


/****** Object:  Trigger [dbo].[VersionHistoryUpdate]    Script Date: 1/25/2025 8:24:56 PM ******/
SET ANSI_NULLS ON
GO

SET QUOTED_IDENTIFIER ON
GO

-- =============================================
-- Author:		Maintains VersionHistory
-- =============================================
CREATE OR ALTER TRIGGER [dbo].[VersionHistoryUpdate] 
   ON  [dbo].[Version]
   AFTER UPDATE
AS 
BEGIN

	INSERT INTO [VersionHistory]

	SELECT [DatabaseID]
		  ,[ComponentName]
		  ,[ComponentType]
		  ,[Version]
		  ,[Date]
		  ,[Hash]
		  ,[Altered]
	  FROM DELETED D

  END
GO

ALTER TABLE [dbo].[Version] ENABLE TRIGGER [VersionHistoryUpdate]
GO

/****** Object:  View [dbo].[VersionHistoryView]    Script Date: 1/25/2025 8:19:29 PM ******/
SET ANSI_NULLS ON
GO
SET QUOTED_IDENTIFIER ON
GO

CREATE OR ALTER View  [dbo].[VersionHistoryView]
as
	SELECT [DatabaseID]
		  ,[ComponentName]
		  ,[ComponentType]
		  ,[Version]
		  ,[Date]
		  ,[Hash]
		  ,[Altered]
	  FROM [dbo].[Version]
	  UNION 
	  SELECT [DatabaseID]
		  ,[ComponentName]
		  ,[ComponentType]
		  ,[Version]
		  ,[Date]
		  ,[Hash]
		  ,[Altered] 
	  FROM VERSIONHistory where VersionAuditID = (SELECT MAX(VersionAUDITID) from VersionHistory)
GO]]></CDATA>
    </Sql>
</Customization>